{
    "bed_exclude_area": [],
    "from": "User",
    "inherits": "Sovol SV08 0.4 nozzle",
    "is_custom_defined": "0",
    "machine_start_gcode": "START_PRINT EXTRUDER_TEMP=[nozzle_temperature_initial_layer] MATERIAL=[filament_type]",
    "name": "Sovol SV08 0.4 nozzle - Copy",
    "nozzle_type": "hardened_steel",
    "print_host": "192.168.1.134",
    "printable_area": [
        "0x0",
        "355x0",
        "355x355",
        "0x355"
    ],
    "printer_settings_id": "Sovol SV08 0.4 nozzle - Copy",
    "version": "2.3.0.3"
}
