{
    "deretraction_speed": [
        "40"
    ],
    "from": "User",
    "inherits": "Sovol SV08 0.4 nozzle",
    "is_custom_defined": "0",
    "machine_pause_gcode": "",
    "machine_start_gcode": "M104 S0 ; Stops OrcaSlicer from sending temp waits separately\nM140 S0\nSTART_PRINT EXTRUDER=[first_layer_temperature] BED=[first_layer_bed_temperature] CHAMBER=[chamber_temperature]",
    "name": "Sovol SV08 0.4 nozzle - Gohan",
    "nozzle_height": "4",
    "printer_settings_id": "Sovol SV08 0.4 nozzle - Gohan",
    "retraction_length": [
        "0.8"
    ],
    "retraction_speed": [
        "40"
    ],
    "support_multi_bed_types": "1",
    "version": "0.0.0.0",
    "z_hop": [
        "0"
    ]
}
