{
	"type": "machine",
	"setting_id": "GM001",
	"name": "Sovol SV08 0.4 nozzle",
	"from": "system",
	"instantiation": "true",
	"inherits": "fdm_machine_common",
	"printer_model": "Sovol SV08",
	"default_print_profile": "0.20mm Standard @Sovol SV08",
    "printer_variant": "0.4",
	"nozzle_diameter": [
		"0.4"
	],
    "retract_before_wipe": [
        "0%"
    ],
	"printable_area": [
		"0x0",
		"350x0",
		"350x350",
		"0x350"
	],
	"printable_height": "345",
	"gcode_flavor": "klipper",
    "retraction_length": [
        "0.5"
    ],
    "machine_max_speed_e": [
        "50"
    ],
    "machine_max_speed_x": [
        "700"
    ],
    "machine_max_speed_y": [
        "700"
    ],
    "machine_max_speed_z": [
        "20"
    ],
    "machine_max_acceleration_e": [
        "5000"
    ],
    "machine_max_acceleration_extruding": [
        "20000"
    ],
    "machine_max_acceleration_retracting": [
        "5000"
    ],
	"machine_max_acceleration_travel": [
        "40000"
    ],
    "machine_max_acceleration_x": [
        "40000"
    ],
    "machine_max_acceleration_y": [
        "40000"
    ],
    "machine_max_acceleration_z": [
        "500"
    ],
    "machine_max_jerk_e": [
        "5"
    ],
    "machine_max_jerk_x": [
        "20"
    ],
    "machine_max_jerk_y": [
        "20"
    ],
    "machine_max_jerk_z": [
        "0.5"
    ],
	"z_hop": [
        "0.4"
    ],
	"retraction_speed": [
        "30"
    ],
	"deretraction_speed": [
        "30"
    ],
	"retraction_minimum_travel": [
        "1"
    ],
    "retract_length_toolchange": [
        "2"
    ],
	"wipe_distance": [
        "2"
    ],
	"thumbnails": [
		"300x300",
        "400x300",
        "32x32"
	],
    "retract_lift_below": [
        "343"
    ],
	"thumbnails_format": "PNG",
	"before_layer_change_gcode": "TIMELAPSE_TAKE_FRAME\nG92 E0",
	"machine_start_gcode": "G28\nG90\nG1 X0 F9000\nG1 Y20\nG1 Z0.600 F600\nG1 Y0 F9000\nSTART_PRINT\nG90\nG1 X0 F9000\nG1 Y20\nG1 Z0.600 F600\nG1 Y0 F9000\nM400\nG91\nM83\nM140 S[bed_temperature_initial_layer_single] ;set bed temp\nM104 S[nozzle_temperature_initial_layer] ;set extruder temp\nM190 S[bed_temperature_initial_layer_single] ;wait for bed temp\nM109 S[nozzle_temperature_initial_layer];wait for extruder temp\nG1 E25 F300\nG4 P1000\nG1 E-0.200 Z5 F600\nG1 X88.000 F9000\nG1 Z-5.000 F600\nG1 X87.000 E20.88 F1800\nG1 X87.000 E13.92 F1800\nG1 Y1 E0.16 F1800\nG1 X-87.000 E13.92 F1800\nG1 X-87.000 E20.88 F1800\nG1 Y1 E0.24 F1800\nG1 X87.000 E20.88 F1800\nG1 X87.000 E13.92 F1800\nG1 E-0.200 Z1 F600\nM400\n",
    "machine_end_gcode": "END_PRINT\n",
    "machine_pause_gcode": "PAUSE",
    "default_filament_profile": [
		"Sovol SV08 PLA"
	]
}
