{
	"type": "machine",
	"setting_id": "GM001",
	"name": "Sovol SV06 0.4 nozzle",
	"from": "system",
	"instantiation": "true",
	"inherits": "fdm_machine_common",
	"printer_model": "Sovol SV06",
	"default_print_profile": "0.20mm Standard @Sovol SV06",
	"nozzle_diameter": [
		"0.4"
	],
	"printable_area": [
		"0x0",
		"220x0",
		"220x220",
		"0x220"
	],
	"printable_height": "250",
	"nozzle_type": "undefine",
	"auxiliary_fan": "0",
	"machine_max_acceleration_extruding": [
		"1000",
		"1250"
	],
	"machine_max_acceleration_retracting": [
		"1000",
		"1250"
	],
	"machine_max_acceleration_travel": [
		"1500",
		"1250"
	],
	"machine_max_acceleration_x": [
		"500",
		"960"
	],
	"machine_max_acceleration_y": [
		"500",
		"960"
	],
	"machine_max_acceleration_z": [
		"100",
		"200"
	],
	"machine_max_speed_e": [
		"30",
		"120"
	],
	"machine_max_speed_x": [
		"80",
		"100"
	],
	"machine_max_speed_y": [
		"80",
		"100"
	],
	"machine_max_speed_z": [
		"10",
		"12"
	],
	"machine_max_jerk_e": [
		"5",
		"4.5"
	],
	"machine_max_jerk_x": [
		"8",
		"8"
	],
	"machine_max_jerk_y": [
		"8",
		"8"
	],
	"machine_max_jerk_z": [
		"0.4",
		"0.4"
	],
	"max_layer_height": [
		"0.25"
	],
	"min_layer_height": [
		"0.07"
	],
	"printer_settings_id": "Sovol",
	"retraction_minimum_travel": [
		"1"
	],
	"retract_before_wipe": [
		"0%"
	],
	"retraction_length": [
		"0.5"
	],
	"retract_length_toolchange": [
		"4"
	],
	"retraction_speed": [
		"30"
	],
	"deretraction_speed": [
		"30"
	],
	"single_extruder_multi_material": "1",
	"change_filament_gcode": "M600\nG1 E0.4 F1500 ; prime after color change",
	"machine_pause_gcode": "M601",
	"default_filament_profile": [
		"Generic PLA @System"
	],
	"machine_start_gcode": "G90 ; use absoulte coordinates\nM83 ; extruder relative mode\n\nM104 S150 ; set nozzle temp to 150\n\nG28 ; home all axes\nM420 S1 ;load mesh\n\nM140 S[bed_temperature_initial_layer_single] ; set bed temp\nM190 S[bed_temperature_initial_layer_single] ; wait for bed temp to stabilize\nM104 S[nozzle_temperature_initial_layer] ; set final extruder temp\nM109 S[nozzle_temperature_initial_layer] ; wait for extruder temp\n\nG1 X0.1 Y10 Z5.0 F1500 ; move to start position\nG1 Z0.26 F150 ; Move lower\nG4 S0.5 ; wait 0.5 seconds\n\nG1 X0.1 Y150 Z0.3 F1500 E10 ; prime the nozzle\nG1 X0.3 F1500\nG1 X0.4 Y15 Z0.3 F1500 E15 ; prime the nozzle\nG4 S0.1 ; wait 0.1 seconds\n\nG1 Z0.6 F150 ; lift nozzle\nG92 E0 ; Reset Extruder\nG1 Z2 F150 ; lift nozzle more\n",
	"machine_end_gcode": "M117 READY\n\nG1 E0 F1000 ; reset extruder\n\nG91 ; relative positioning\nG1 Z2 F1000 ; lift nozzle\n\nG90 ; absolute positioning\nG27 P2 ; park extruder\n\nM140 S0 ; turn off heatbed\nM104 S0 ; turn off temperature\nM107 ; turn off fan\nM84 X Y E ; disable motors",
	"before_layer_change_gcode": ";BEFORE_LAYER_CHANGE\nG92 E0.0\n;[layer_z]\n\n",
	"layer_change_gcode": ";AFTER_LAYER_CHANGE\n;[layer_z]",
	"scan_first_layer": "0"
}