{
	"type": "machine",
	"setting_id": "GM001",
	"name": "Sovol SV02 0.4 nozzle",
	"from": "system",
	"instantiation": "true",
	"inherits": "fdm_machine_common",
	"printer_model": "Sovol SV02",
	"default_print_profile": "0.20mm Standard @Sovol SV02",
	"nozzle_diameter": [
		"0.4",
		"0.4"
	],
    "extruder_colour": [
        "#FCE94F",
		"#FCE94F"
    ],
    "extruder_offset": [
        "0x0",
		"0x0"
    ],
	"printable_area": [
		"0x0",
		"280x0",
		"280x240",
		"0x240"
	],
	"printable_height": "300",
	"nozzle_type": "undefine",
	"auxiliary_fan": "0",
	"machine_max_acceleration_extruding": [
		"500",
		"500"
	],
	"machine_max_acceleration_retracting": [
		"1000",
		"1000"
	],
	"machine_max_acceleration_travel": [
		"1500",
		"1250"
	],
	"machine_max_acceleration_x": [
		"500",
		"500"
	],
	"machine_max_acceleration_y": [
		"500",
		"500"
	],
	"machine_max_acceleration_z": [
		"100",
		"100"
	],
	"machine_max_speed_e": [
		"60",
		"60"
	],
	"machine_max_speed_x": [
		"500",
		"500"
	],
	"machine_max_speed_y": [
		"500",
		"500"
	],
	"machine_max_speed_z": [
		"10",
		"10"
	],
	"machine_max_jerk_e": [
		"5",
		"5"
	],
	"machine_max_jerk_x": [
		"8",
		"8"
	],
	"machine_max_jerk_y": [
		"8",
		"8"
	],
	"machine_max_jerk_z": [
		"0.4",
		"0.4"
	],
	"max_layer_height": [
		"0.32",
		"0.32"
	],
	"min_layer_height": [
		"0.08",
		"0.08"
	],
	"printer_settings_id": "Sovol",
	"retraction_minimum_travel": [
		"2",
		"2"
	],
	"retract_before_wipe": [
		"70%",
		"70%"
	],
	"retraction_length": [
		"6",
		"6"
	],
	"retract_length_toolchange": [
		"1",
		"1"
	],
    "retract_when_changing_layer": [
        "1",
		"1"
    ],
    "retract_restart_extra": [
        "0",
		"0"
    ],
    "retract_restart_extra_toolchange": [
        "0",
		"0"
    ],
	"deretraction_speed": [
		"60",
		"60"
	],
    "wipe": [
        "1",
		"1"
    ],
	"single_extruder_multi_material": "1",
	"change_filament_gcode": "M600",
	"machine_pause_gcode": "M0",
	"default_filament_profile": [
		"Generic PLA @System"
	],
	"machine_start_gcode": "G90 ; use absolute coordinates\nM83 ; extruder relative mode\nM104 S[nozzle_temperature_initial_layer] ; set extruder temp\nM140 S[bed_temperature_initial_layer_single] ; set bed temp\nM190 S[bed_temperature_initial_layer_single] ; wait for bed temp\nM109 S[nozzle_temperature_initial_layer] ; wait for extruder temp\nG28 ; home all\nG1 Z2 F240\nG1 X2 Y10 F3000\nG1 Z0.28 F240\nG92 E0\nG1 Y190 E15 F1500 ; intro line\nG1 X2.3 F5000\nG92 E0\nG1 Y10 E15 F1200 ; intro line\nG92 E0",
	"machine_end_gcode": "{if max_layer_z < printable_height}G1 Z{z_offset+min(max_layer_z+2, printable_height)} F600 ; Move print head up{endif}\nG1 X5 Y{print_bed_max[1]*0.8} F{travel_speed*60} ; present print\n{if max_layer_z < printable_height-10}G1 Z{z_offset+min(max_layer_z+70, printable_height-10)} F600 ; Move print head further up{endif}\n{if max_layer_z < max_print_height*0.6}G1 Z{printable_height*0.6} F600 ; Move print head further up{endif}\nM140 S0 ; turn off heatbed\nM104 S0 ; turn off temperature\nM107 ; turn off fan\nM84 X Y E ; disable motors",
	"scan_first_layer": "0"
}