{
    "type": "process",
    "setting_id": "GP004",
    "name": "0.20mm Standard @Sovol SV07",
    "from": "system",
    "instantiation": "true",
    "inherits": "fdm_process_common",
	"adaptive_layer_height": "1",
	"reduce_crossing_wall": "0",
	"layer_height": "0.2",
	"max_travel_detour_distance": "0",
	"bottom_surface_pattern": "monotonic",
	"bottom_shell_layers": "3",
	"bottom_shell_thickness": "0",
	"bridge_flow": "0.95",
	"bridge_speed": "50",
	"internal_bridge_speed": "50",
	"brim_width": "5",
	"brim_type": "outer_only",
	"brim_object_gap": "0",
	"compatible_printers_condition": "",
	"default_acceleration": "8000",
	"print_sequence": "by layer",
	"bridge_no_support": "0",
	"draft_shield": "disabled",
	"elefant_foot_compensation": "0",
	"enable_arc_fitting": "0",
	"outer_wall_line_width": "0.42",
	"wall_infill_order": "outer wall/inner wall/infill",
	"line_width": "0.42",
	"infill_direction": "45",
	"sparse_infill_density": "10%",
	"sparse_infill_pattern": "crosshatch",
	"initial_layer_line_width": "0.5",
	"initial_layer_print_height": "0.3",
	"infill_combination": "0",
	"sparse_infill_line_width": "0.5",
	"infill_wall_overlap": "25%",
	"interface_shells": "0",
	"ironing_flow": "15%",
	"ironing_spacing": "0.25",
	"ironing_speed": "15",
	"ironing_type": "no ironing",
	"reduce_infill_retraction": "1",
	"detect_overhang_wall": "1",
	"overhang_1_4_speed": "0",
	"overhang_2_4_speed": "20",
	"overhang_3_4_speed": "15",
	"overhang_4_4_speed": "10",
	"inner_wall_line_width": "0.45",
	"wall_loops": "2",
	"print_settings_id": "",
	"raft_layers": "0",
	"seam_position": "aligned",
	"skirt_distance": "3",
	"skirt_height": "1",
	"skirt_loops": "1",
	"minimum_sparse_infill_area": "10",
	"internal_solid_infill_line_width": "0.45",
	"spiral_mode": "0",
	"standby_temperature_delta": "-5",
	"enable_support": "0",
	"resolution": "0.012",
	"support_type": "tree(auto)",
	"support_style": "snug",
	"support_on_build_plate_only": "0",
	"support_top_z_distance": "0.15",
	"support_filament": "0",
	"support_line_width": "0.45",
	"support_interface_loop_pattern": "0",
	"support_interface_filament": "0",
	"support_interface_top_layers": "3",
	"support_interface_bottom_layers": "-1",
	"support_interface_spacing": "0.2",
	"support_interface_speed": "100%",
	"support_base_pattern": "rectilinear",
	"support_base_pattern_spacing": "0.2",
	"support_speed": "80",
	"support_threshold_angle": "30",
	"support_object_xy_distance": "60%",
	"tree_support_branch_angle": "40",
	"tree_support_wall_count": "0",
	"detect_thin_wall": "1",
	"top_surface_pattern": "monotonic",
	"top_surface_line_width": "0.45",
	"top_shell_layers": "4",
	"top_shell_thickness": "0.8",
	"initial_layer_speed": "30",
	"initial_layer_infill_speed": "60",
	"initial_layer_travel_speed": "60%",
	"outer_wall_speed": "150",
	"inner_wall_speed": "300",
	"internal_solid_infill_speed": "180",
	"top_surface_speed": "180",
	"gap_infill_speed": "150",
	"sparse_infill_speed": "300",
	"travel_speed": "350",
	"enable_prime_tower": "0",
	"wipe_tower_no_sparse_layers": "0",
	"prime_tower_width": "60",
	"xy_hole_compensation": "0",
	"xy_contour_compensation": "0",	
	"seam_gap": "5%",
	"outer_wall_acceleration": "5000",
	"inner_wall_acceleration": "6000",
	"initial_layer_acceleration": "5000",
	"top_surface_acceleration": "6000",
	"travel_acceleration": "8000",
	"wall_generator": "classic",
	"slow_down_layers": "3",
	"bottom_solid_infill_flow_ratio": "1.25",
	"accel_to_decel_enable": "0",
	"accel_to_decel_factor": "30%",
	"skirt_speed": "0",
	"gcode_label_objects": "0",
	"exclude_object": "0",
	"filename_format": "{printer_model}_{input_filename_base}_{filament_type[0]}_{layer_height}_{print_time}.gcode",
    "compatible_printers": [
        "Sovol SV07 0.4 nozzle"
    ]
}