{
	"type": "filament",
	"filament_id": "GFL99",
	"setting_id": "GFSA04",
	"name": "Sovol SV06 Plus ACE TPU",
	"from": "system",
	"instantiation": "true",
	"inherits": "Generic TPU @System",
	"filament_flow_ratio": ["0.98"],
	"filament_max_volumetric_speed": ["3.6"],
	"full_fan_speed_layer": [
        "3"
    ],
	"compatible_printers": [
        "Sovol SV06 Plus ACE 0.4 nozzle"
	],
	"fan_min_speed": [
        "100"
    ],
	"fan_cooling_layer_time": [
        "80"
    ],
	"fan_max_speed": [
        "100"
    ],
	"slow_down_layer_time": [
        "5"
    ],
    "slow_down_min_speed": [
        "10"
    ],
	"nozzle_temperature_initial_layer": [
        "250"
    ],
	"nozzle_temperature": [
        "245"
    ],
    "nozzle_temperature_range_low": [
        "190"
    ],
    "nozzle_temperature_range_high": [
        "300"
	],
	"hot_plate_temp_initial_layer": [
        "60"
    ],
	"hot_plate_temp": [
        "60"
    ]
}
