{
    "activate_chamber_temp_control": [
        "1"
    ],
    "chamber_temperature": [
        "35"
    ],
    "compatible_printers": [
        "Sovol SV08 0.4 nozzle"
    ],
    "default_filament_colour": [
        "#1A76E6"
    ],
    "enable_pressure_advance": [
        "1"
    ],
    "fan_cooling_layer_time": [
        "30"
    ],
    "filament_density": [
        "1.08"
    ],
    "filament_flow_ratio": [
        "0.8917"
    ],
    "filament_max_volumetric_speed": [
        "32"
    ],
    "filament_retraction_length": [
        "0.4"
    ],
    "filament_settings_id": [
        "ASA - Ambrosia"
    ],
    "filament_vendor": [
        "Ambrosia"
    ],
    "filament_z_hop": [
        "0.4"
    ],
    "filament_z_hop_types": [
        "Normal Lift"
    ],
    "from": "User",
    "hot_plate_temp_initial_layer": [
        "100"
    ],
    "inherits": "Generic ASA @System",
    "is_custom_defined": "0",
    "name": "ASA - Ambrosia",
    "nozzle_temperature": [
        "270"
    ],
    "nozzle_temperature_initial_layer": [
        "270"
    ],
    "nozzle_temperature_range_low": [
        "260"
    ],
    "pressure_advance": [
        "0.038"
    ],
    "slow_down_layer_time": [
        "1"
    ],
    "version": "2.3.0.3"
}
