{
    "chamber_temperature": [
        "35"
    ],
    "compatible_printers": [
        "Sovol SV08 0.4 nozzle"
    ],
    "default_filament_colour": [
        "#1C1935"
    ],
    "enable_pressure_advance": [
        "1"
    ],
    "fan_cooling_layer_time": [
        "30"
    ],
    "filament_density": [
        "1.08"
    ],
    "filament_flow_ratio": [
        "0.9217"
    ],
    "filament_retraction_length": [
        "0.3"
    ],
    "filament_settings_id": [
        "ASA - Ambrosia Titanium Anno"
    ],
    "filament_vendor": [
        "Ambrosia"
    ],
    "from": "User",
    "hot_plate_temp_initial_layer": [
        "100"
    ],
    "inherits": "Generic ASA @System",
    "is_custom_defined": "0",
    "name": "ASA - Ambrosia Titanium Anno",
    "nozzle_temperature": [
        "255"
    ],
    "nozzle_temperature_initial_layer": [
        "255"
    ],
    "pressure_advance": [
        "0.032"
    ],
    "slow_down_layer_time": [
        "1"
    ],
    "version": "2.3.0.3"
}
