{
    "enable_pressure_advance": [
        "1"
    ],
    "filament_max_volumetric_speed": [
        "33"
    ],
    "filament_retraction_length": [
        "0.3"
    ],
    "filament_settings_id": [
        "Sovol SV08 PLA - Matte"
    ],
    "from": "User",
    "inherits": "Sovol SV08 PLA",
    "is_custom_defined": "0",
    "name": "Sovol SV08 PLA - Matte",
    "nozzle_temperature": [
        "210"
    ],
    "nozzle_temperature_initial_layer": [
        "220"
    ],
    "pressure_advance": [
        "0.04"
    ],
    "slow_down_layer_time": [
        "0"
    ],
    "version": "2.3.0.3"
}
