{
    "close_fan_the_first_x_layers": [
        "2"
    ],
    "default_filament_colour": [
        "#FFFFFF"
    ],
    "dont_slow_down_outer_wall": [
        "1"
    ],
    "enable_pressure_advance": [
        "1"
    ],
    "fan_max_speed": [
        "100"
    ],
    "fan_min_speed": [
        "10"
    ],
    "filament_cost": [
        "19.99"
    ],
    "filament_density": [
        "1.23"
    ],
    "filament_flow_ratio": [
        "0.96"
    ],
    "filament_max_volumetric_speed": [
        "22"
    ],
    "filament_retraction_length": [
        "0.8"
    ],
    "filament_retraction_speed": [
        "60"
    ],
    "filament_settings_id": [
        "Sovol SV08 PETG - Inland Clear"
    ],
    "filament_type": [
        "PETG+"
    ],
    "filament_vendor": [
        "Inland"
    ],
    "filament_z_hop": [
        "nil"
    ],
    "from": "User",
    "full_fan_speed_layer": [
        "5"
    ],
    "hot_plate_temp": [
        "80"
    ],
    "hot_plate_temp_initial_layer": [
        "80"
    ],
    "inherits": "Sovol SV08 PETG",
    "is_custom_defined": "0",
    "name": "Sovol SV08 PETG - Inland Clear",
    "nozzle_temperature": [
        "260"
    ],
    "nozzle_temperature_initial_layer": [
        "250"
    ],
    "nozzle_temperature_range_high": [
        "250"
    ],
    "overhang_fan_speed": [
        "100"
    ],
    "pressure_advance": [
        "0.05985"
    ],
    "slow_down_min_speed": [
        "200"
    ],
    "temperature_vitrification": [
        "70"
    ],
    "version": "1.9.0.2"
}
