{
    "default_filament_colour": [
        "#0068CD"
    ],
    "enable_pressure_advance": [
        "1"
    ],
    "filament_flow_ratio": [
        "0.92169"
    ],
    "filament_settings_id": [
        "Sovol SV08 ASA"
    ],
    "filament_type": [
        "ASA"
    ],
    "filament_vendor": [
        "Ambrosia"
    ],
    "from": "User",
    "hot_plate_temp": [
        "100"
    ],
    "hot_plate_temp_initial_layer": [
        "100"
    ],
    "inherits": "Sovol SV08 ABS",
    "is_custom_defined": "0",
    "name": "Sovol SV08 ASA",
    "nozzle_temperature": [
        "250"
    ],
    "nozzle_temperature_initial_layer": [
        "250"
    ],
    "pressure_advance": [
        "0.026"
    ],
    "version": "2.3.0.3"
}
