{
    "activate_chamber_temp_control": [
        "1"
    ],
    "chamber_temperature": [
        "30"
    ],
    "enable_pressure_advance": [
        "1"
    ],
    "filament_cost": [
        "22"
    ],
    "filament_deretraction_speed": [
        "30"
    ],
    "filament_flow_ratio": [
        "0.9578"
    ],
    "filament_max_volumetric_speed": [
        "22"
    ],
    "filament_retract_before_wipe": [
        "50%"
    ],
    "filament_retract_when_changing_layer": [
        "0"
    ],
    "filament_retraction_length": [
        "0.8"
    ],
    "filament_retraction_speed": [
        "60"
    ],
    "filament_settings_id": [
        "SV08 PETG - Overture"
    ],
    "filament_wipe": [
        "0"
    ],
    "filament_z_hop": [
        "nil"
    ],
    "from": "User",
    "hot_plate_temp": [
        "80"
    ],
    "hot_plate_temp_initial_layer": [
        "80"
    ],
    "inherits": "Sovol SV08 PETG",
    "is_custom_defined": "0",
    "name": "SV08 PETG - Overture",
    "nozzle_temperature": [
        "255"
    ],
    "nozzle_temperature_initial_layer": [
        "260"
    ],
    "nozzle_temperature_range_high": [
        "270"
    ],
    "nozzle_temperature_range_low": [
        "250"
    ],
    "pressure_advance": [
        "0.035"
    ],
    "slow_down_layer_time": [
        "0"
    ],
    "version": "2.3.0.3"
}
