{
    "activate_chamber_temp_control": [
        "1"
    ],
    "chamber_temperature": [
        "30"
    ],
    "enable_pressure_advance": [
        "1"
    ],
    "filament_flow_ratio": [
        "0.9878"
    ],
    "filament_max_volumetric_speed": [
        "27"
    ],
    "filament_retract_before_wipe": [
        "50%"
    ],
    "filament_retraction_length": [
        "0.525"
    ],
    "filament_retraction_speed": [
        "30"
    ],
    "filament_settings_id": [
        "SV08 PETG - Copy"
    ],
    "filament_wipe": [
        "1"
    ],
    "from": "User",
    "hot_plate_temp": [
        "80"
    ],
    "hot_plate_temp_initial_layer": [
        "80"
    ],
    "inherits": "Sovol SV08 PETG",
    "is_custom_defined": "0",
    "name": "SV08 PETG - Copy",
    "nozzle_temperature": [
        "270"
    ],
    "nozzle_temperature_initial_layer": [
        "270"
    ],
    "pressure_advance": [
        "0.047"
    ],
    "slow_down_layer_time": [
        "0"
    ],
    "version": "2.3.0.3"
}
