{
    "default_filament_colour": [
        "#9DFF47"
    ],
    "enable_pressure_advance": [
        "1"
    ],
    "filament_flow_ratio": [
        "0.93"
    ],
    "filament_max_volumetric_speed": [
        "30"
    ],
    "filament_retraction_length": [
        "0.5"
    ],
    "filament_settings_id": [
        "SV08 - Inland PLA Silk"
    ],
    "filament_vendor": [
        "Inland"
    ],
    "from": "User",
    "hot_plate_temp": [
        "55"
    ],
    "inherits": "Sovol SV08 PLA",
    "is_custom_defined": "0",
    "name": "SV08 - Inland PLA Silk",
    "nozzle_temperature_initial_layer": [
        "220"
    ],
    "nozzle_temperature_range_high": [
        "220"
    ],
    "pressure_advance": [
        "0.026"
    ],
    "slow_down_layer_time": [
        "1"
    ],
    "version": "2.3.0.3"
}
