{
    "bottom_shell_layers": "5",
    "bridge_speed": "30",
    "brim_type": "no_brim",
    "default_acceleration": "8400",
    "enable_overhang_speed": "0",
    "from": "User",
    "inherits": "0.20mm Standard @Sovol SV08 0.4 nozzle",
    "inner_wall_acceleration": "8400",
    "internal_bridge_speed": "30",
    "ironing_angle": "45",
    "ironing_flow": "30%",
    "ironing_pattern": "concentric",
    "ironing_spacing": "0.15",
    "ironing_speed": "60",
    "is_custom_defined": "0",
    "layer_height": "0.12",
    "name": "0.12mm - Voron Settings",
    "overhang_2_4_speed": "40",
    "overhang_3_4_speed": "20",
    "overhang_4_4_speed": "5",
    "print_settings_id": "0.12mm - Voron Settings",
    "seam_gap": "0%",
    "skirt_distance": "10",
    "skirt_loops": "0",
    "sparse_infill_density": "40%",
    "sparse_infill_pattern": "grid",
    "support_style": "default",
    "support_type": "tree(auto)",
    "top_shell_layers": "5",
    "top_surface_acceleration": "8400",
    "travel_acceleration": "8400",
    "version": "2.3.0.3",
    "wall_loops": "4",
    "wall_sequence": "inner wall/outer wall"
}
