{
    "bridge_speed": "100",
    "enable_support": "1",
    "from": "User",
    "gap_infill_speed": "100",
    "inherits": "0.20mm Standard @Sovol SV08 0.4 nozzle",
    "initial_layer_infill_speed": "150",
    "initial_layer_speed": "100",
    "inner_wall_speed": "200",
    "internal_bridge_speed": "150",
    "is_custom_defined": "0",
    "name": "0.20mm ASA",
    "outer_wall_speed": "150",
    "overhang_2_4_speed": "90",
    "overhang_3_4_speed": "80",
    "overhang_4_4_speed": "70",
    "print_settings_id": "0.20mm ASA",
    "skirt_distance": "10",
    "skirt_loops": "2",
    "skirt_speed": "100",
    "sparse_infill_density": "20%",
    "support_style": "tree_slim",
    "support_threshold_angle": "35",
    "support_type": "tree(auto)",
    "top_surface_speed": "125",
    "travel_speed": "500",
    "version": "2.3.0.3",
    "wall_loops": "3",
    "wall_sequence": "inner wall/outer wall"
}
