{
    "bottom_shell_layers": "4",
    "bridge_flow": "1.2",
    "bridge_speed": "75",
    "brim_type": "no_brim",
    "detect_narrow_internal_solid_infill": "0",
    "detect_thin_wall": "0",
    "enable_support": "1",
    "ensure_vertical_shell_thickness": "ensure_critical_only",
    "from": "User",
    "gap_fill_target": "topbottom",
    "infill_anchor": "1000",
    "infill_anchor_max": "1000",
    "infill_wall_overlap": "25%",
    "inherits": "0.20mm Standard @Sovol SV08 0.4 nozzle",
    "initial_layer_acceleration": "5000",
    "initial_layer_infill_speed": "100",
    "initial_layer_line_width": "0.4",
    "initial_layer_print_height": "0.2",
    "initial_layer_speed": "100",
    "inner_wall_acceleration": "6000",
    "inner_wall_line_width": "0.4",
    "internal_bridge_flow": "1.2",
    "internal_bridge_speed": "200",
    "internal_solid_infill_line_width": "0.4",
    "is_custom_defined": "0",
    "max_travel_detour_distance": "20",
    "min_bead_width": "68%",
    "min_feature_size": "85%",
    "min_length_factor": "10",
    "name": "0.20mm layer height - 0.4 nozzle - Gohan",
    "only_one_wall_first_layer": "1",
    "only_one_wall_top": "1",
    "outer_wall_acceleration": "5500",
    "overhang_2_4_speed": "75",
    "overhang_3_4_speed": "50",
    "overhang_4_4_speed": "25",
    "precise_outer_wall": "1",
    "print_settings_id": "0.20mm layer height - 0.4 nozzle - Gohan",
    "reduce_crossing_wall": "1",
    "seam_gap": "10%",
    "seam_slope_conditional": "1",
    "seam_slope_type": "external",
    "skirt_distance": "5",
    "slice_closing_radius": "0",
    "small_area_infill_flow_compensation": "1",
    "small_perimeter_threshold": "5",
    "sparse_infill_density": "15%",
    "sparse_infill_line_width": "0.4",
    "sparse_infill_pattern": "cubic",
    "support_base_pattern": "honeycomb",
    "support_interface_pattern": "grid",
    "support_interface_top_layers": "0",
    "support_line_width": "0.4",
    "support_object_xy_distance": "0.5",
    "support_on_build_plate_only": "1",
    "support_style": "default",
    "support_type": "tree(manual)",
    "thick_internal_bridges": "0",
    "top_surface_acceleration": "6000",
    "top_surface_line_width": "0.4",
    "tree_support_wall_count": "2",
    "version": "1.9.0.2",
    "wall_loops": "3",
    "wall_sequence": "inner-outer-inner wall",
    "wall_transition_angle": "35"
}
