{
    "bridge_speed": "40",
    "brim_type": "no_brim",
    "default_acceleration": "8000",
    "enable_overhang_speed": "0",
    "enable_support": "1",
    "from": "User",
    "inherits": "0.20mm Standard @Sovol SV08 0.4 nozzle",
    "inner_wall_acceleration": "8000",
    "internal_bridge_speed": "40",
    "is_custom_defined": "0",
    "name": "0.20mm Standard @Sovol SV08 0.4 nozzle - Copy",
    "overhang_2_4_speed": "40",
    "overhang_3_4_speed": "20",
    "overhang_4_4_speed": "5",
    "print_settings_id": "0.20mm Standard @Sovol SV08 0.4 nozzle - Copy",
    "skirt_distance": "10",
    "skirt_loops": "0",
    "sparse_infill_pattern": "adaptivecubic",
    "support_style": "default",
    "support_type": "tree(auto)",
    "top_surface_acceleration": "8000",
    "travel_acceleration": "8000",
    "version": "2.3.0.3",
    "wall_sequence": "inner-outer-inner wall"
}
