{
    "name": "Sovol",
    "url": "",
    "version":  "02.03.00.03",
    "force_update": "0",
    "description": "Sovol configurations",
    "machine_model_list": [
        {
            "name": "Sovol SV01 Pro",
            "sub_path": "machine/Sovol SV01 Pro.json"
        },
        {
            "name": "Sovol SV02",
            "sub_path": "machine/Sovol SV02.json"
        },
        {
            "name": "Sovol SV05",
            "sub_path": "machine/Sovol SV05.json"
        },
        {
            "name": "Sovol SV06",
            "sub_path": "machine/Sovol SV06.json"
        },
        {
            "name": "Sovol SV06 Plus",
            "sub_path": "machine/Sovol SV06 Plus.json"
        },
        {
            "name": "Sovol SV06 ACE",
            "sub_path": "machine/Sovol SV06 ACE.json"
        },
        {
            "name": "Sovol SV06 Plus ACE",
            "sub_path": "machine/Sovol SV06 Plus ACE.json"
        },
        {
            "name": "Sovol SV07",
            "sub_path": "machine/Sovol SV07.json"
        },
        {
            "name": "Sovol SV07 Plus",
            "sub_path": "machine/Sovol SV07 Plus.json"
        },
        {
            "name": "Sovol SV08",
            "sub_path": "machine/Sovol SV08.json"
        }
    ],
    "process_list": [
        {
            "name": "fdm_process_common",
            "sub_path": "process/fdm_process_common.json"
        },
        {
            "name": "0.18mm Optimal @Sovol SV01Pro",
            "sub_path": "process/0.18mm Optimal @Sovol SV01Pro.json"
        },
        {
            "name": "0.18mm Optimal @Sovol SV02",
            "sub_path": "process/0.18mm Optimal @Sovol SV02.json"
        },
        {
            "name": "0.18mm Optimal @Sovol SV05",
            "sub_path": "process/0.18mm Optimal @Sovol SV05.json"
        },
        {
            "name": "0.18mm Optimal @Sovol SV06",
            "sub_path": "process/0.18mm Optimal @Sovol SV06.json"
        },
        {
            "name": "0.18mm Optimal @Sovol SV06Plus",
            "sub_path": "process/0.18mm Optimal @Sovol SV06Plus.json"
        },
        {
            "name": "0.18mm Optimal @Sovol SV07",
            "sub_path": "process/0.18mm Optimal @Sovol SV07.json"
        },
        {
            "name": "0.18mm Optimal @Sovol SV07 Plus",
            "sub_path": "process/0.18mm Optimal @Sovol SV07Plus.json"
        },
        {
            "name": "0.20mm Standard @Sovol SV01Pro",
            "sub_path": "process/0.20mm Standard @Sovol SV01Pro.json"
        },
        {
            "name": "0.20mm Standard @Sovol SV02",
            "sub_path": "process/0.20mm Standard @Sovol SV02.json"
        },
        {
            "name": "0.20mm Standard @Sovol SV05",
            "sub_path": "process/0.20mm Standard @Sovol SV05.json"
        },
        {
            "name": "0.20mm Standard @Sovol SV06",
            "sub_path": "process/0.20mm Standard @Sovol SV06.json"
        },
        {
            "name": "0.20mm Standard @Sovol SV06Plus",
            "sub_path": "process/0.20mm Standard @Sovol SV06Plus.json"
        },
        {
            "name": "0.12mm Standard @Sovol SV06 ACE 0.2 nozzle",
            "sub_path": "process/0.12mm Standard @Sovol SV06 ACE 0.2 nozzle.json"
        },
        {
            "name": "0.08mm High Quality @Sovol SV06 ACE 0.4 nozzle",
            "sub_path": "process/0.08mm High Quality @Sovol SV06 ACE 0.4 nozzle.json"
        },
        {
            "name": "0.12mm Quality @Sovol SV06 ACE 0.4 nozzle",
            "sub_path": "process/0.12mm Quality @Sovol SV06 ACE 0.4 nozzle.json"
        },
        {
            "name": "0.20mm Standard @Sovol SV06 ACE",
            "sub_path": "process/0.20mm Standard @Sovol SV06 ACE.json"
        },
        {
            "name": "0.28mm Fast @Sovol SV06 ACE 0.4 nozzle",
            "sub_path": "process/0.28mm Fast @Sovol SV06 ACE 0.4 nozzle.json"
        },
        {
            "name": "0.40mm Standard @Sovol SV06 ACE 0.8 nozzle",
            "sub_path": "process/0.40mm Standard @Sovol SV06 ACE 0.8 nozzle.json"
        },
        {
            "name": "0.30mm Standard @Sovol SV06 ACE 0.6 nozzle",
            "sub_path": "process/0.30mm Standard @Sovol SV06 ACE 0.6 nozzle.json"
        },
        {
            "name": "0.20mm Standard @Sovol SV06 Plus ACE",
            "sub_path": "process/0.20mm Standard @Sovol SV06 Plus ACE.json"
        },
        {
            "name": "0.20mm Standard @Sovol SV07",
            "sub_path": "process/0.20mm Standard @Sovol SV07.json"
        },
        {
            "name": "0.20mm Standard @Sovol SV07 Plus",
            "sub_path": "process/0.20mm Standard @Sovol SV07Plus.json"
        },
        {
            "name": "0.10mm Standard @Sovol SV08 0.2 nozzle",
            "sub_path": "process/0.10mm Standard @Sovol SV08 0.2 nozzle.json"
        },
        {
            "name": "0.20mm Standard @Sovol SV08 0.4 nozzle",
            "sub_path": "process/0.20mm Standard @Sovol SV08 0.4 nozzle.json"
        },
        {
            "name": "0.30mm Standard @Sovol SV08 0.6 nozzle",
            "sub_path": "process/0.30mm Standard @Sovol SV08 0.6 nozzle.json"
        },
        {
            "name": "0.40mm Standard @Sovol SV08 0.8 nozzle",
            "sub_path": "process/0.40mm Standard @Sovol SV08 0.8 nozzle.json"
        },
        {
            "name": "0.20mm High-Speed @Sovol SV06",
            "sub_path": "process/0.20mm High-Speed @Sovol SV06.json"
        }
    ],
    "filament_list": [
        {
            "name": "Sovol SV06 ACE ABS",
            "sub_path": "filament/Sovol SV06 ACE ABS.json"
        },
        {
            "name": "Sovol SV06 ACE PETG",
            "sub_path": "filament/Sovol SV06 ACE PETG.json"
        },
        {
            "name": "Sovol SV06 ACE PLA",
            "sub_path": "filament/Sovol SV06 ACE PLA.json"
        },
        {
            "name": "Sovol SV06 ACE TPU",
            "sub_path": "filament/Sovol SV06 ACE TPU.json"
        },
        {
            "name": "Sovol SV06 Plus ACE ABS",
            "sub_path": "filament/Sovol SV06 Plus ACE ABS.json"
        },
        {
            "name": "Sovol SV06 Plus ACE PETG",
            "sub_path": "filament/Sovol SV06 Plus ACE PETG.json"
        },
        {
            "name": "Sovol SV06 Plus ACE PLA",
            "sub_path": "filament/Sovol SV06 Plus ACE PLA.json"
        },
        {
            "name": "Sovol SV06 Plus ACE TPU",
            "sub_path": "filament/Sovol SV06 Plus ACE TPU.json"
        },
        {
            "name": "Sovol SV07 PLA",
            "sub_path": "filament/Sovol SV07 PLA.json"
        },
        {
            "name": "Sovol SV08 ABS",
            "sub_path": "filament/Sovol SV08 ABS.json"
        },
        {
            "name": "Sovol SV08 PETG",
            "sub_path": "filament/Sovol SV08 PETG.json"
        },
        {
            "name": "Sovol SV08 PLA",
            "sub_path": "filament/Sovol SV08 PLA.json"
        },
        {
            "name": "Sovol SV08 PLA @SV08 0.2 nozzle",
            "sub_path": "filament/Sovol SV08 PLA @SV08 0.2 nozzle.json"
        },
        {
            "name": "Sovol SV08 TPU",
            "sub_path": "filament/Sovol SV08 TPU.json"
        }
    ],
    "machine_list": [
        {
            "name": "fdm_machine_common",
            "sub_path": "machine/fdm_machine_common.json"
        },
        {
            "name": "Sovol SV01 Pro 0.4 nozzle",
            "sub_path": "machine/Sovol SV01 Pro 0.4 nozzle.json"
        },
        {
            "name": "Sovol SV02 0.4 nozzle",
            "sub_path": "machine/Sovol SV02 0.4 nozzle.json"
        },
        {
            "name": "Sovol SV05 0.4 nozzle",
            "sub_path": "machine/Sovol SV05 0.4 nozzle.json"
        },
        {
            "name": "Sovol SV06 0.4 High-Speed nozzle",
            "sub_path": "machine/Sovol SV06 0.4 High-Speed nozzle.json"
        },
        {
            "name": "Sovol SV06 0.4 nozzle",
            "sub_path": "machine/Sovol SV06 0.4 nozzle.json"
        },
        {
            "name": "Sovol SV06 Plus 0.4 nozzle",
            "sub_path": "machine/Sovol SV06 Plus 0.4 nozzle.json"
        },
        {
            "name": "Sovol SV06 ACE 0.2 nozzle",
            "sub_path": "machine/Sovol SV06 ACE 0.2 nozzle.json"
        },
        {
            "name": "Sovol SV06 ACE 0.6 nozzle",
            "sub_path": "machine/Sovol SV06 ACE 0.6 nozzle.json"
        },
        {
            "name": "Sovol SV06 ACE 0.4 nozzle",
            "sub_path": "machine/Sovol SV06 ACE 0.4 nozzle.json"
        },
        {
            "name": "Sovol SV06 ACE 0.8 nozzle",
            "sub_path": "machine/Sovol SV06 ACE 0.8 nozzle.json"
        },
        {
            "name": "Sovol SV06 Plus ACE 0.4 nozzle",
            "sub_path": "machine/Sovol SV06 Plus ACE 0.4 nozzle.json"
        },
        {
            "name": "Sovol SV07 0.4 nozzle",
            "sub_path": "machine/Sovol SV07 0.4 nozzle.json"
        },
        {
            "name": "Sovol SV07 Plus 0.4 nozzle",
            "sub_path": "machine/Sovol SV07 Plus 0.4 nozzle.json"
        },
        {
            "name": "Sovol SV08 0.2 nozzle",
            "sub_path": "machine/Sovol SV08 0.2 nozzle.json"
        },
        {
            "name": "Sovol SV08 0.4 nozzle",
            "sub_path": "machine/Sovol SV08 0.4 nozzle.json"
        },
        {
            "name": "Sovol SV08 0.6 nozzle",
            "sub_path": "machine/Sovol SV08 0.6 nozzle.json"
        },
        {
            "name": "Sovol SV08 0.8 nozzle",
            "sub_path": "machine/Sovol SV08 0.8 nozzle.json"
        }
    ]
}