{
    "type": "filament",
    "name": "Bambu PETG-CF @BBL X1C 0.4 nozzle",
    "inherits": "Bambu PETG-CF @base",
    "from": "system",
    "setting_id": "GFSG50_02",
    "instantiation": "true",
    "fan_cooling_layer_time": [
        "30"
    ],
    "fan_max_speed": [
        "40"
    ],
    "fan_min_speed": [
        "5"
    ],
    "filament_long_retractions_when_cut": [
        "1"
    ],
    "filament_max_volumetric_speed": [
        "11.5"
    ],
    "filament_retraction_distances_when_cut": [
        "18"
    ],
    "overhang_fan_speed": [
        "100"
    ],
    "compatible_printers": [
        "Bambu Lab X1 Carbon 0.4 nozzle",
        "Bambu Lab X1 0.4 nozzle",
        "Bambu Lab P1S 0.4 nozzle",
        "Bambu Lab X1E 0.4 nozzle"
    ]
}