{
    "type": "filament",
    "name": "Bambu ASA @BBL X1C",
    "inherits": "Bambu ASA @base",
    "from": "system",
    "setting_id": "GFSB01_00",
    "instantiation": "true",
    "fan_min_speed": [
        "25"
    ],
    "filament_long_retractions_when_cut": [
        "1"
    ],
    "filament_retraction_distances_when_cut": [
        "18"
    ],
    "compatible_printers": [
        "Bambu Lab X1 Carbon 0.6 nozzle",
        "Bambu Lab X1 Carbon 0.8 nozzle",
        "Bambu Lab X1 0.8 nozzle",
        "Bambu Lab P1S 0.6 nozzle",
        "Bambu Lab P1S 0.8 nozzle",
        "Bambu Lab P1P 0.6 nozzle"
    ]
}