{
    "type": "filament",
    "name": "Bambu PC FR @BBL X1C 0.2 nozzle",
    "inherits": "Bambu PC FR @base",
    "from": "system",
    "setting_id": "GFSC01_03",
    "instantiation": "true",
    "fan_max_speed": [
        "40"
    ],
    "filament_max_volumetric_speed": [
        "1"
    ],
    "nozzle_temperature": [
        "260"
    ],
    "slow_down_layer_time": [
        "12"
    ],
    "compatible_printers": [
        "Bambu Lab X1 Carbon 0.2 nozzle",
        "Bambu Lab X1 0.2 nozzle"
    ]
}