{
    "type": "filament",
    "name": "Bambu PETG HF @BBL A1 0.8 nozzle",
    "inherits": "Bambu PETG HF @base",
    "from": "system",
    "setting_id": "GFSG02_05",
    "instantiation": "true",
    "fan_cooling_layer_time": [
        "15"
    ],
    "fan_max_speed": [
        "50"
    ],
    "fan_min_speed": [
        "30"
    ],
    "filament_flow_ratio": [
        "0.94"
    ],
    "filament_long_retractions_when_cut": [
        "1"
    ],
    "filament_max_volumetric_speed": [
        "18"
    ],
    "filament_retraction_distances_when_cut": [
        "18"
    ],
    "nozzle_temperature": [
        "240"
    ],
    "overhang_fan_speed": [
        "100"
    ],
    "slow_down_layer_time": [
        "7"
    ],
    "compatible_printers": [
        "Bambu Lab A1 0.6 nozzle",
        "Bambu Lab A1 0.8 nozzle"
    ]
}