{
    "type": "filament",
    "name": "Bambu PC @BBL P1S",
    "inherits": "Bambu PC @BBL X1C",
    "from": "system",
    "setting_id": "GFSC00_05",
    "instantiation": "true",
    "eng_plate_temp": [
        "100"
    ],
    "eng_plate_temp_initial_layer": [
        "100"
    ],
    "hot_plate_temp": [
        "100"
    ],
    "hot_plate_temp_initial_layer": [
        "100"
    ],
    "textured_plate_temp": [
        "100"
    ],
    "textured_plate_temp_initial_layer": [
        "100"
    ],
    "compatible_printers": [
        "Bambu Lab P1S 0.4 nozzle"
    ]
}