{
    "type": "filament",
    "name": "Bambu PA6-GF @BBL X1C",
    "inherits": "Bambu PA6-GF @base",
    "from": "system",
    "setting_id": "GFSN08_00",
    "instantiation": "true",
    "chamber_temperatures": [
        "60"
    ],
    "filament_max_volumetric_speed": [
        "10.5"
    ],
    "nozzle_temperature": [
        "265"
    ],
    "nozzle_temperature_initial_layer": [
        "265"
    ],
    "compatible_printers": [
        "Bambu Lab X1 Carbon 0.4 nozzle",
        "Bambu Lab X1 Carbon 0.6 nozzle",
        "Bambu Lab X1 Carbon 0.8 nozzle",
        "Bambu Lab X1 0.4 nozzle",
        "Bambu Lab X1 0.6 nozzle",
        "Bambu Lab X1 0.8 nozzle",
        "Bambu Lab P1S 0.4 nozzle",
        "Bambu Lab P1S 0.6 nozzle",
        "Bambu Lab P1S 0.8 nozzle",
        "Bambu Lab X1E 0.4 nozzle",
        "Bambu Lab X1E 0.6 nozzle",
        "Bambu Lab X1E 0.8 nozzle"
    ]
}