{
    "type": "filament",
    "name": "Bambu ABS @BBL X1C 0.2 nozzle",
    "inherits": "Bambu ABS @base",
    "from": "system",
    "setting_id": "GFSB00_00",
    "instantiation": "true",
    "fan_max_speed": [
        "60"
    ],
    "filament_long_retractions_when_cut": [
        "1"
    ],
    "filament_max_volumetric_speed": [
        "2"
    ],
    "filament_retraction_distances_when_cut": [
        "18"
    ],
    "slow_down_layer_time": [
        "12"
    ],
    "compatible_printers": [
        "Bambu Lab X1 Carbon 0.2 nozzle",
        "Bambu Lab X1 0.2 nozzle",
        "Bambu Lab P1S 0.2 nozzle"
    ]
}