{
    "type": "filament",
    "name": "Bambu ASA @BBL X1C 0.4 nozzle",
    "inherits": "Bambu ASA @base",
    "from": "system",
    "setting_id": "GFSB01_02",
    "instantiation": "true",
    "chamber_temperatures": [
        "60"
    ],
    "filament_long_retractions_when_cut": [
        "1"
    ],
    "filament_retraction_distances_when_cut": [
        "18"
    ],
    "compatible_printers": [
        "Bambu Lab X1 Carbon 0.4 nozzle",
        "Bambu Lab P1S 0.4 nozzle",
        "Bambu Lab X1 0.4 nozzle",
        "Bambu Lab P1P 0.4 nozzle",
        "Bambu Lab P1P 0.8 nozzle"
    ]
}