{
    "type": "filament",
    "name": "Bambu ASA-Aero @BBL X1C",
    "inherits": "Bambu ASA-Aero @base",
    "from": "system",
    "setting_id": "GFSB02_00",
    "instantiation": "true",
    "compatible_printers": [
        "Bambu Lab P1S 0.4 nozzle",
        "Bambu Lab P1S 0.6 nozzle",
        "Bambu Lab P1S 0.8 nozzle",
        "Bambu Lab X1 0.4 nozzle",
        "Bambu Lab X1 0.6 nozzle",
        "Bambu Lab X1 0.8 nozzle",
        "Bambu Lab X1 Carbon 0.4 nozzle",
        "Bambu Lab X1 Carbon 0.6 nozzle",
        "Bambu Lab X1 Carbon 0.8 nozzle",
        "Bambu Lab X1E 0.4 nozzle",
        "Bambu Lab X1E 0.6 nozzle",
        "Bambu Lab X1E 0.8 nozzle"
    ]
}