{
    "type": "filament",
    "name": "Bambu PA-CF @BBL X1C",
    "inherits": "Bambu PA-CF @base",
    "from": "system",
    "setting_id": "GFSN00",
    "instantiation": "true",
    "nozzle_temperature_initial_layer": [
        "290"
    ],
    "nozzle_temperature": [
        "290"
    ],
    "fan_max_speed": [
        "30"
    ],
    "fan_min_speed": [
        "10"
    ],
    "fan_cooling_layer_time": [
        "5"
    ],
    "full_fan_speed_layer": [
        "2"
    ],
    "compatible_printers": [
        "Bambu Lab X1 Carbon 0.4 nozzle",
        "Bambu Lab X1 Carbon 0.6 nozzle",
        "Bambu Lab X1 Carbon 0.8 nozzle",
        "Bambu Lab X1 0.4 nozzle",
        "Bambu Lab X1 0.6 nozzle",
        "Bambu Lab X1 0.8 nozzle",
        "Bambu Lab P1S 0.4 nozzle",
        "Bambu Lab P1S 0.6 nozzle",
        "Bambu Lab P1S 0.8 nozzle"
    ]
}