{
    "type": "filament",
    "name": "Bambu TPU for AMS @BBL X1C",
    "inherits": "Bambu TPU for AMS @base",
    "from": "system",
    "setting_id": "GFSU02_00",
    "instantiation": "true",
    "fan_max_speed": [
        "40"
    ],
    "compatible_printers": [
        "Bambu Lab X1 Carbon 0.4 nozzle",
        "Bambu Lab X1 Carbon 0.6 nozzle",
        "Bambu Lab X1 Carbon 0.8 nozzle",
        "Bambu Lab X1E 0.4 nozzle",
        "Bambu Lab X1E 0.8 nozzle",
        "Bambu Lab X1E 0.6 nozzle",
        "Bambu Lab P1S 0.4 nozzle",
        "Bambu Lab P1S 0.6 nozzle",
        "Bambu Lab P1S 0.8 nozzle"
    ]
}