{
    "type": "filament",
    "name": "fdm_filament_bvoh",
    "inherits": "fdm_filament_common",
    "from": "system",
    "instantiation": "false",
    "additional_cooling_fan_speed": [
        "70"
    ],
    "close_fan_the_first_x_layers": [
        "1"
    ],
    "cool_plate_temp": [
        "40"
    ],
    "cool_plate_temp_initial_layer": [
        "40"
    ],
    "eng_plate_temp": [
        "0"
    ],
    "eng_plate_temp_initial_layer": [
        "0"
    ],
    "fan_cooling_layer_time": [
        "100"
    ],
    "fan_min_speed": [
        "100"
    ],
    "filament_cost": [
        "69.99"
    ],
    "filament_density": [
        "1.13"
    ],
    "filament_is_support": [
        "1"
    ],
    "filament_max_volumetric_speed": [
        "8"
    ],
    "filament_type": [
        "BVOH"
    ],
    "hot_plate_temp": [
        "55"
    ],
    "hot_plate_temp_initial_layer": [
        "55"
    ],
    "nozzle_temperature": [
        "220"
    ],
    "nozzle_temperature_initial_layer": [
        "220"
    ],
    "nozzle_temperature_range_high": [
        "240"
    ],
    "nozzle_temperature_range_low": [
        "190"
    ],
    "overhang_fan_threshold": [
        "50%"
    ],
    "reduce_fan_stop_start_freq": [
        "1"
    ],
    "supertack_plate_temp": [
        "0"
    ],
    "supertack_plate_temp_initial_layer": [
        "0"
    ],
    "slow_down_min_speed": [
        "20"
    ],
    "temperature_vitrification": [
        "45"
    ],
    "textured_plate_temp": [
        "55"
    ],
    "textured_plate_temp_initial_layer": [
        "55"
    ],
    "filament_start_gcode": [
        "; filament start gcode\n{if  (bed_temperature[current_extruder] >55)||(bed_temperature_initial_layer[current_extruder] >55)}M106 P3 S200\n{elsif(bed_temperature[current_extruder] >50)||(bed_temperature_initial_layer[current_extruder] >50)}M106 P3 S150\n{elsif(bed_temperature[current_extruder] >45)||(bed_temperature_initial_layer[current_extruder] >45)}M106 P3 S50\n{endif}\n\n{if activate_air_filtration[current_extruder] && support_air_filtration}\nM106 P3 S{during_print_exhaust_fan_speed_num[current_extruder]} \n{endif}"
    ]
}