{
    "type": "filament",
    "name": "Generic TPU for AMS @BBL A1M",
    "inherits": "Generic TPU for AMS @base",
    "from": "system",
    "setting_id": "GFSU98_03",
    "instantiation": "true",
    "fan_cooling_layer_time": [
        "40"
    ],
    "fan_max_speed": [
        "50"
    ],
    "fan_min_speed": [
        "10"
    ],
    "overhang_fan_threshold": [
        "25%"
    ],
    "slow_down_layer_time": [
        "10"
    ],
    "compatible_printers": [
        "Bambu Lab A1 mini 0.8 nozzle",
        "Bambu Lab A1 mini 0.6 nozzle",
        "Bambu Lab A1 mini 0.4 nozzle"
    ]
}