{
    "type": "filament",
    "name": "Generic PETG-CF @BBL X1C",
    "inherits": "Generic PETG-CF @base",
    "from": "system",
    "setting_id": "GFSG50",
    "instantiation": "true",
    "fan_cooling_layer_time": [
        "30"
    ],
    "fan_max_speed": [
        "40"
    ],
    "fan_min_speed": [
        "5"
    ],
    "filament_max_volumetric_speed": [
        "11.5"
    ],
    "overhang_fan_speed": [
        "100"
    ],
    "compatible_printers": [
        "Bambu Lab X1 Carbon 0.4 nozzle",
        "Bambu Lab X1 0.4 nozzle",
        "Bambu Lab X1 Carbon 0.6 nozzle",
        "Bambu Lab X1 Carbon 0.8 nozzle",
        "Bambu Lab X1 0.6 nozzle",
        "Bambu Lab X1 0.8 nozzle",
        "Bambu Lab P1S 0.4 nozzle",
        "Bambu Lab P1S 0.6 nozzle",
        "Bambu Lab P1S 0.8 nozzle",
        "Bambu Lab X1E 0.4 nozzle",
        "Bambu Lab X1E 0.6 nozzle",
        "Bambu Lab X1E 0.8 nozzle"
    ]
}