{
    "type": "filament",
    "name": "Generic ABS @BBL A1 0.2 nozzle",
    "inherits": "Generic ABS @base",
    "from": "system",
    "setting_id": "GFSB99_06",
    "instantiation": "true",
    "fan_max_speed": [
        "20"
    ],
    "filament_max_volumetric_speed": [
        "2"
    ],
    "hot_plate_temp": [
        "100"
    ],
    "hot_plate_temp_initial_layer": [
        "100"
    ],
    "reduce_fan_stop_start_freq": [
        "0"
    ],
    "textured_plate_temp": [
        "100"
    ],
    "textured_plate_temp_initial_layer": [
        "100"
    ],
    "compatible_printers": [
        "Bambu Lab A1 0.2 nozzle"
    ]
}