{
    "type": "filament",
    "name": "Generic PLA-CF @BBL A1",
    "inherits": "Generic PLA-CF @base",
    "from": "system",
    "setting_id": "GFSL98_01",
    "instantiation": "true",
    "fan_cooling_layer_time": [
        "80"
    ],
    "fan_max_speed": [
        "80"
    ],
    "fan_min_speed": [
        "60"
    ],
    "hot_plate_temp": [
        "65"
    ],
    "hot_plate_temp_initial_layer": [
        "65"
    ],
    "slow_down_layer_time": [
        "8"
    ],
    "textured_plate_temp": [
        "65"
    ],
    "textured_plate_temp_initial_layer": [
        "65"
    ],
    "compatible_printers": [
        "Bambu Lab A1 0.4 nozzle",
        "Bambu Lab A1 0.6 nozzle",
        "Bambu Lab A1 0.8 nozzle"
    ]
}