{
    "type": "filament",
    "name": "Generic EVA @base",
    "inherits": "fdm_filament_eva",
    "from": "system",
    "filament_id": "GFR99",
    "instantiation": "false",
    "additional_cooling_fan_speed": [
        "70"
    ],
    "close_fan_the_first_x_layers": [
        "1"
    ],
    "cool_plate_temp": [
        "35"
    ],
    "cool_plate_temp_initial_layer": [
        "35"
    ],
    "eng_plate_temp": [
        "0"
    ],
    "eng_plate_temp_initial_layer": [
        "0"
    ],
    "fan_cooling_layer_time": [
        "100"
    ],
    "fan_min_speed": [
        "100"
    ],
    "filament_cost": [
        "21.99"
    ],
    "filament_density": [
        "0.94"
    ],
    "filament_max_volumetric_speed": [
        "12"
    ],
    "hot_plate_temp": [
        "55"
    ],
    "hot_plate_temp_initial_layer": [
        "55"
    ],
    "nozzle_temperature": [
        "210"
    ],
    "nozzle_temperature_initial_layer": [
        "210"
    ],
    "nozzle_temperature_range_high": [
        "220"
    ],
    "nozzle_temperature_range_low": [
        "175"
    ],
    "overhang_fan_threshold": [
        "50%"
    ],
    "reduce_fan_stop_start_freq": [
        "1"
    ],
    "slow_down_layer_time": [
        "4"
    ],
    "slow_down_min_speed": [
        "20"
    ],
    "temperature_vitrification": [
        "70"
    ],
    "textured_plate_temp": [
        "55"
    ],
    "textured_plate_temp_initial_layer": [
        "55"
    ],
    "filament_start_gcode": [
        "; filament start gcode\n{if  (bed_temperature[current_extruder] >55)||(bed_temperature_initial_layer[current_extruder] >55)}M106 P3 S200\n{elsif(bed_temperature[current_extruder] >50)||(bed_temperature_initial_layer[current_extruder] >50)}M106 P3 S150\n{elsif(bed_temperature[current_extruder] >45)||(bed_temperature_initial_layer[current_extruder] >45)}M106 P3 S50\n{endif}\n\n{if activate_air_filtration[current_extruder] && support_air_filtration}\nM106 P3 S{during_print_exhaust_fan_speed_num[current_extruder]} \n{endif}"
    ]
}