{
    "type": "filament",
    "name": "Generic PETG @BBL A1",
    "inherits": "Generic PETG @base",
    "from": "system",
    "setting_id": "GFSG99_03",
    "instantiation": "true",
    "filament_max_volumetric_speed": [
        "8"
    ],
    "hot_plate_temp": [
        "80"
    ],
    "hot_plate_temp_initial_layer": [
        "80"
    ],
    "textured_plate_temp": [
        "80"
    ],
    "textured_plate_temp_initial_layer": [
        "80"
    ],
    "compatible_printers": [
        "Bambu Lab A1 0.4 nozzle",
        "Bambu Lab A1 0.6 nozzle",
        "Bambu Lab A1 0.8 nozzle"
    ]
}