{
    "type": "filament",
    "name": "Generic PVA @BBL A1M 0.2 nozzle",
    "inherits": "Generic PVA @base",
    "from": "system",
    "setting_id": "GFSS99_02",
    "instantiation": "true",
    "fan_cooling_layer_time": [
        "80"
    ],
    "fan_max_speed": [
        "80"
    ],
    "fan_min_speed": [
        "60"
    ],
    "filament_max_volumetric_speed": [
        "0.5"
    ],
    "hot_plate_temp": [
        "65"
    ],
    "hot_plate_temp_initial_layer": [
        "65"
    ],
    "slow_down_layer_time": [
        "8"
    ],
    "textured_plate_temp": [
        "65"
    ],
    "textured_plate_temp_initial_layer": [
        "65"
    ],
    "compatible_printers": [
        "Bambu Lab A1 mini 0.2 nozzle"
    ]
}