{
    "type": "filament",
    "name": "Generic PE @BBL A1M",
    "inherits": "Generic PE @base",
    "from": "system",
    "setting_id": "GFSP99_02",
    "instantiation": "true",
    "description": "This is neither a commonly used filament, nor one of Bambu filaments, and it varies a lot from brand to brand. So, it's highly recommended to ask its vendor for suitable profile before printing and adjust some parameters according to its performances.",
    "compatible_printers": [
        "Bambu Lab A1 mini 0.6 nozzle",
        "Bambu Lab A1 mini 0.4 nozzle",
        "Bambu Lab A1 mini 0.8 nozzle"
    ]
}