{
    "type": "filament",
    "name": "Generic TPU for AMS @base",
    "inherits": "fdm_filament_tpu",
    "from": "system",
    "filament_id": "GFU98",
    "instantiation": "false",
    "description": "If you are to print a kind of soft TPU, please don't slice with this profile, and it is only for TPU that has high enough hardness (not less than 55D) and is compatible with the AMS. To get better printing quality, please refer to this wiki: TPU printing guide.",
    "filament_cost": [
        "41.99"
    ],
    "filament_density": [
        "1.26"
    ],
    "filament_max_volumetric_speed": [
        "10.5"
    ],
    "filament_retraction_length": [
        "0.8"
    ],
    "filament_type": [
        "TPU-AMS"
    ],
    "nozzle_temperature": [
        "230"
    ],
    "nozzle_temperature_initial_layer": [
        "230"
    ]
}