{
    "type": "filament",
    "name": "Generic PLA Silk @base",
    "inherits": "fdm_filament_pla",
    "from": "system",
    "filament_id": "GFL96",
    "instantiation": "false",
    "description": "To make the prints get higher gloss, please dry the filament before use, and set the outer wall speed to be 40 to 60 mm/s when slicing.",
    "filament_flow_ratio": [
        "0.98"
    ],
    "supertack_plate_temp": [
        "35"
    ],
    "supertack_plate_temp_initial_layer": [
        "35"
    ],
    "slow_down_layer_time": [
        "8"
    ],
    "filament_start_gcode": [
        "; filament start gcode\n{if  (bed_temperature[current_extruder] >45)||(bed_temperature_initial_layer[current_extruder] >45)}M106 P3 S255\n{elsif(bed_temperature[current_extruder] >35)||(bed_temperature_initial_layer[current_extruder] >35)}M106 P3 S180\n{endif};Prevent PLA from jamming\n\n{if activate_air_filtration[current_extruder] && support_air_filtration}\nM106 P3 S{during_print_exhaust_fan_speed_num[current_extruder]} \n{endif}"
    ]
}