{
    "type": "filament",
    "name": "Overture PLA @BBL A1",
    "inherits": "Overture PLA @base",
    "from": "system",
    "setting_id": "GFSL04_07",
    "instantiation": "true",
    "fan_cooling_layer_time": [
        "80"
    ],
    "fan_max_speed": [
        "80"
    ],
    "fan_min_speed": [
        "60"
    ],
    "slow_down_layer_time": [
        "8"
    ],
    "compatible_printers": [
        "Bambu Lab A1 0.4 nozzle",
        "Bambu Lab A1 0.6 nozzle",
        "Bambu Lab A1 0.8 nozzle"
    ]
}